[{"model": "kaiapp.dietary", "pk": 1, "fields": {"name": "Standard", "description": "No specific dietary restrictions; may include meat, seafood, dairy, eggs, and gluten-containing grains."}}, {"model": "kaiapp.dietary", "pk": 2, "fields": {"name": "Vegan", "description": "Contains no animal-derived ingredients, including meat, seafood, dairy, eggs, or honey."}}, {"model": "kaiapp.dietary", "pk": 3, "fields": {"name": "Vegetarian", "description": "Contains no meat or seafood; may include dairy products, eggs, and other animal by-products."}}, {"model": "kaiapp.dietary", "pk": 4, "fields": {"name": "Halal", "description": "Prepared according to Islamic dietary laws; contains no pork or alcohol, and all meats are sourced from halal-certified suppliers."}}, {"model": "kaiapp.dietary", "pk": 5, "fields": {"name": "Gluten-free", "description": "Made without ingredients containing gluten (such as wheat, barley, rye); suitable for individuals with gluten intolerance or coeliac disease."}}, {"model": "kaiapp.ingredient", "pk": 1, "fields": {"name": "Rice", "price_per_100g": "0.35", "allergen": "", "energy_kj": "544.00", "protein": "2.70", "fat": "0.30", "carbs": "28.00", "fiber": "0.40", "dietaries": [1, 2, 3, 4, 5]}}, {"model": "kaiapp.ingredient", "pk": 2, "fields": {"name": "Chicken Breast", "price_per_100g": "1.20", "allergen": "", "energy_kj": "620.00", "protein": "31.00", "fat": "3.60", "carbs": "0.00", "fiber": "0.00", "dietaries": [1, 4]}}, {"model": "kaiapp.ingredient", "pk": 3, "fields": {"name": "Broccoli", "price_per_100g": "0.55", "allergen": "", "energy_kj": "141.00", "protein": "2.80", "fat": "0.40", "carbs": "7.00", "fiber": "2.60", "dietaries": [1, 2, 3, 4, 5]}}, {"model": "kaiapp.ingredient", "pk": 4, "fields": {"name": "Olive Oil", "price_per_100g": "3.50", "allergen": "", "energy_kj": "3700.00", "protein": "0.00", "fat": "100.00", "carbs": "0.00", "fiber": "0.00", "dietaries": [1, 2, 3, 4, 5]}}, {"model": "kaiapp.ingredient", "pk": 5, "fields": {"name": "Milk", "price_per_100g": "0.28", "allergen": "milk", "energy_kj": "267.00", "protein": "3.40", "fat": "1.00", "carbs": "5.00", "fiber": "0.00", "dietaries": [1, 3, 4, 5]}}, {"model": "kaiapp.ingredient", "pk": 6, "fields": {"name": "Egg", "price_per_100g": "0.45", "allergen": "egg", "energy_kj": "547.00", "protein": "12.60", "fat": "9.50", "carbs": "1.10", "fiber": "0.00", "dietaries": [1, 3, 4, 5]}}, {"model": "kaiapp.ingredient", "pk": 7, "fields": {"name": "Carrot", "price_per_100g": "0.40", "allergen": "", "energy_kj": "173.00", "protein": "0.90", "fat": "0.20", "carbs": "10.00", "fiber": "2.80", "dietaries": [1, 2, 3, 4, 5]}}, {"model": "kaiapp.ingredient", "pk": 8, "fields": {"name": "Onion", "price_per_100g": "0.35", "allergen": "", "energy_kj": "166.00", "protein": "1.10", "fat": "0.10", "carbs": "9.30", "fiber": "1.70", "dietaries": [1, 2, 3, 4, 5]}}, {"model": "kaiapp.ingredient", "pk": 9, "fields": {"name": "Garlic", "price_per_100g": "0.80", "allergen": "", "energy_kj": "623.00", "protein": "6.40", "fat": "0.50", "carbs": "33.10", "fiber": "2.10", "dietaries": [1, 2, 3, 4, 5]}}, {"model": "kaiapp.ingredient", "pk": 10, "fields": {"name": "Pork Loin", "price_per_100g": "1.50", "allergen": "", "energy_kj": "850.00", "protein": "21.00", "fat": "5.50", "carbs": "0.00", "fiber": "0.00", "dietaries": [1]}}, {"model": "kaiapp.ingredient", "pk": 11, "fields": {"name": "Beef Mince", "price_per_100g": "1.80", "allergen": "", "energy_kj": "1040.00", "protein": "20.00", "fat": "15.00", "carbs": "0.00", "fiber": "0.00", "dietaries": [1, 4]}}, {"model": "kaiapp.ingredient", "pk": 12, "fields": {"name": "Tofu", "price_per_100g": "0.90", "allergen": "soy", "energy_kj": "520.00", "protein": "8.00", "fat": "4.80", "carbs": "1.90", "fiber": "0.30", "dietaries": [1, 2, 3, 4, 5]}}, {"model": "kaiapp.ingredient", "pk": 13, "fields": {"name": "Spinach", "price_per_100g": "0.70", "allergen": "", "energy_kj": "103.00", "protein": "2.90", "fat": "0.40", "carbs": "1.10", "fiber": "2.20", "dietaries": [1, 2, 3, 4, 5]}}, {"model": "kaiapp.ingredient", "pk": 14, "fields": {"name": "Tomato", "price_per_100g": "0.60", "allergen": "", "energy_kj": "74.00", "protein": "0.90", "fat": "0.20", "carbs": "3.90", "fiber": "1.20", "dietaries": [1, 2, 3, 4, 5]}}, {"model": "kaiapp.ingredient", "pk": 15, "fields": {"name": "Lettuce", "price_per_100g": "0.50", "allergen": "", "energy_kj": "55.00", "protein": "1.40", "fat": "0.20", "carbs": "2.90", "fiber": "1.30", "dietaries": [1, 2, 3, 4, 5]}}, {"model": "kaiapp.ingredient", "pk": 16, "fields": {"name": "Cucumber", "price_per_100g": "0.40", "allergen": "", "energy_kj": "65.00", "protein": "0.70", "fat": "0.10", "carbs": "3.60", "fiber": "0.50", "dietaries": [1, 2, 3, 4, 5]}}, {"model": "kaiapp.ingredient", "pk": 17, "fields": {"name": "Zucchini", "price_per_100g": "0.55", "allergen": "", "energy_kj": "71.00", "protein": "1.20", "fat": "0.30", "carbs": "3.10", "fiber": "1.00", "dietaries": [1, 2, 3, 4, 5]}}, {"model": "kaiapp.ingredient", "pk": 18, "fields": {"name": "Mushroom", "price_per_100g": "0.90", "allergen": "", "energy_kj": "94.00", "protein": "3.10", "fat": "0.30", "carbs": "3.30", "fiber": "1.00", "dietaries": [1, 2, 3, 4, 5]}}, {"model": "kaiapp.ingredient", "pk": 19, "fields": {"name": "Salmon", "price_per_100g": "2.50", "allergen": "fish", "energy_kj": "880.00", "protein": "20.00", "fat": "13.00", "carbs": "0.00", "fiber": "0.00", "dietaries": [1, 4]}}, {"model": "kaiapp.ingredient", "pk": 20, "fields": {"name": "Shrimp", "price_per_100g": "1.90", "allergen": "shellfish", "energy_kj": "418.00", "protein": "20.30", "fat": "0.30", "carbs": "0.20", "fiber": "0.00", "dietaries": [1, 4]}}, {"model": "kaiapp.ingredient", "pk": 21, "fields": {"name": "Flour", "price_per_100g": "0.30", "allergen": "gluten", "energy_kj": "1450.00", "protein": "10.00", "fat": "1.00", "carbs": "76.00", "fiber": "2.70", "dietaries": [1, 2, 4]}}, {"model": "kaiapp.ingredient", "pk": 22, "fields": {"name": "Pasta", "price_per_100g": "0.40", "allergen": "gluten", "energy_kj": "1500.00", "protein": "12.00", "fat": "1.50", "carbs": "75.00", "fiber": "3.00", "dietaries": [1, 3, 4]}}, {"model": "kaiapp.ingredient", "pk": 23, "fields": {"name": "Potato", "price_per_100g": "0.30", "allergen": "", "energy_kj": "322.00", "protein": "2.00", "fat": "0.10", "carbs": "17.00", "fiber": "2.20", "dietaries": [1, 2, 3, 4, 5]}}, {"model": "kaiapp.ingredient", "pk": 24, "fields": {"name": "Sweet Potato", "price_per_100g": "0.40", "allergen": "", "energy_kj": "360.00", "protein": "1.60", "fat": "0.10", "carbs": "20.10", "fiber": "3.00", "dietaries": [1, 2, 3, 4, 5]}}, {"model": "kaiapp.ingredient", "pk": 25, "fields": {"name": "Cheddar Cheese", "price_per_100g": "1.50", "allergen": "milk", "energy_kj": "1725.00", "protein": "25.00", "fat": "35.00", "carbs": "1.30", "fiber": "0.00", "dietaries": [1, 3, 4, 5]}}, {"model": "kaiapp.ingredient", "pk": 26, "fields": {"name": "Peas", "price_per_100g": "0.60", "allergen": "", "energy_kj": "339.00", "protein": "5.40", "fat": "0.40", "carbs": "14.50", "fiber": "5.10", "dietaries": [1, 2, 3, 4, 5]}}, {"model": "kaiapp.ingredient", "pk": 27, "fields": {"name": "Corn", "price_per_100g": "0.50", "allergen": "", "energy_kj": "360.00", "protein": "3.40", "fat": "1.50", "carbs": "19.00", "fiber": "2.70", "dietaries": [1, 2, 3, 4, 5]}}, {"model": "kaiapp.ingredient", "pk": 28, "fields": {"name": "Bell Pepper", "price_per_100g": "0.90", "allergen": "", "energy_kj": "113.00", "protein": "1.00", "fat": "0.20", "carbs": "6.00", "fiber": "2.10", "dietaries": [1, 2, 3, 4, 5]}}, {"model": "kaiapp.ingredient", "pk": 29, "fields": {"name": "Cabbage", "price_per_100g": "0.40", "allergen": "", "energy_kj": "103.00", "protein": "1.30", "fat": "0.10", "carbs": "5.80", "fiber": "2.50", "dietaries": [1, 2, 3, 4, 5]}}, {"model": "kaiapp.ingredient", "pk": 30, "fields": {"name": "Chili Powder", "price_per_100g": "2.00", "allergen": "", "energy_kj": "1240.00", "protein": "12.00", "fat": "6.00", "carbs": "54.00", "fiber": "35.00", "dietaries": [1, 2, 3, 4, 5]}}, {"model": "kaiapp.meal", "pk": 1, "fields": {"name": "Power-Up Chicken Rice", "description": "Tender chicken with fluffy rice, loaded with flavor to keep you fueled for sports, study, or gaming marathons.", "dietary": 1}}, {"model": "kaiapp.meal", "pk": 2, "fields": {"name": "Epic Veggie Pasta", "description": "A colorful pasta bowl packed with fresh vegetables ù tastes so good youÆll forget itÆs healthy.", "dietary": 2}}, {"model": "kaiapp.meal", "pk": 3, "fields": {"name": "Pumpkin Boost Soup", "description": "Smooth, golden pumpkin soup with a rich, comforting taste ù the ultimate warm-up for a busy day.", "dietary": 1}}, {"model": "kaiapp.meal", "pk": 4, "fields": {"name": "Pasta with Tomato and Garlic", "description": "Generated by GPT", "dietary": 1}}, {"model": "kaiapp.meal", "pk": 5, "fields": {"name": "Creamy Chicken and Spinach Pasta", "description": "Generated by GPT", "dietary": 1}}, {"model": "kaiapp.meal", "pk": 6, "fields": {"name": "Italian Pasta Boost", "description": "Classic pasta with a twist of fresh veggies.", "dietary": 1}}, {"model": "kaiapp.meal", "pk": 7, "fields": {"name": "Cheesy Beef & Veggie Smash", "description": "Savory beef with melted cheese and fresh veggies for a hearty meal.", "dietary": 1}}, {"model": "kaiapp.meal", "pk": 8, "fields": {"name": "Creamy Shrimp Pasta Blaze", "description": "Delicious shrimp tossed in creamy sauce with pasta and veggies.", "dietary": 1}}, {"model": "kaiapp.meal", "pk": 9, "fields": {"name": "Cheesy Beef & Broccoli Smash", "description": "Savory beef and broccoli topped with melted cheddar cheese for a tasty crunch.", "dietary": 1}}, {"model": "kaiapp.meal", "pk": 10, "fields": {"name": "Mediterranean Veggie Wrap Feast", "description": "Fresh veggies and creamy cheese wrapped in a soft tortilla for a delightful bite.", "dietary": 1}}, {"model": "kaiapp.meal", "pk": 11, "fields": {"name": "Veggie-Packed Pasta Boost", "description": "Pasta tossed with fresh veggies and a sprinkle of cheese for a delicious meal.", "dietary": 1}}, {"model": "kaiapp.meal", "pk": 12, "fields": {"name": "Crispy Tofu Satay Wrap", "description": "Golden tofu skewers with a peanut sauce, wrapped with fresh veggies.", "dietary": 1}}, {"model": "kaiapp.meal", "pk": 13, "fields": {"name": "Pasta Primavera Feast", "description": "Delicious pasta tossed with fresh veggies and olive oil.", "dietary": 1}}, {"model": "kaiapp.meal", "pk": 14, "fields": {"name": "Tex-Mex Beef Smash", "description": "Spicy beef with peppers and cheesy goodness, all smashed together.", "dietary": 1}}, {"model": "kaiapp.meal", "pk": 15, "fields": {"name": "Italian Pasta Blaze", "description": "Delicious pasta tossed with rich tomato sauce and veggies.", "dietary": 1}}, {"model": "kaiapp.meal", "pk": 16, "fields": {"name": "Cheesy Veggie Smash Feast", "description": "Creamy cheddar with a medley of colorful veggies.", "dietary": 5}}, {"model": "kaiapp.meal", "pk": 17, "fields": {"name": "Cheesy Spinach & Potato Stack", "description": "Layers of cheesy goodness with spinach and hearty potatoes.", "dietary": 5}}, {"model": "kaiapp.meal", "pk": 18, "fields": {"name": "Teriyaki Tofu Bowl", "description": "Savory teriyaki tofu, steamed broccoli, and fluffy rice.", "dietary": 5}}, {"model": "kaiapp.meal", "pk": 19, "fields": {"name": "Miso Tofu Fuel", "description": "Miso-glazed tofu, spinach, and rice for energy.", "dietary": 5}}, {"model": "kaiapp.meal", "pk": 20, "fields": {"name": "Sichuan Tofu Blaze", "description": "Spicy Sichuan tofu, peas, and rice for a kick.", "dietary": 5}}, {"model": "kaiapp.meal", "pk": 21, "fields": {"name": "Tex-Mex Tofu Feast", "description": "Tofu, corn, and zesty spices in a hearty bowl.", "dietary": 5}}, {"model": "kaiapp.meal", "pk": 22, "fields": {"name": "Karaage Tofu Boost", "description": "Crispy tofu, broccoli, and rice for a delightful meal.", "dietary": 5}}, {"model": "kaiapp.meal", "pk": 23, "fields": {"name": "Vegan Stir-Fry Smash", "description": "Stir-fried veggies, tofu, and rice for a healthy boost.", "dietary": 5}}, {"model": "kaiapp.meal", "pk": 24, "fields": {"name": "Teriyaki Chicken Bowl", "description": "Juicy chicken, teriyaki glaze, fresh veggies, and rice.", "dietary": 1}}, {"model": "kaiapp.meal", "pk": 25, "fields": {"name": "Karaage Tofu Smash", "description": "Crispy tofu, savory sauce, and colorful veggies.", "dietary": 1}}, {"model": "kaiapp.meal", "pk": 26, "fields": {"name": "Kiwi Chicken Fuel", "description": "Grilled chicken, fresh veggies, and hearty rice.", "dietary": 1}}, {"model": "kaiapp.meal", "pk": 27, "fields": {"name": "Sichuan Pork Loin Feast", "description": "Spicy pork loin, vibrant veggies, and comforting rice.", "dietary": 1}}, {"model": "kaiapp.meal", "pk": 28, "fields": {"name": "Viet Tofu Boost", "description": "Crispy tofu, fresh veggies, and rice for a healthy meal.", "dietary": 1}}, {"model": "kaiapp.meal", "pk": 29, "fields": {"name": "Teriyaki Chicken Bowl", "description": "Savory chicken, teriyaki glaze, fresh veggies, and rice.", "dietary": 1}}, {"model": "kaiapp.meal", "pk": 30, "fields": {"name": "Mediterranean Tofu Stack", "description": "Grilled tofu, fresh veggies, and rice in a vibrant stack.", "dietary": 1}}, {"model": "kaiapp.meal", "pk": 31, "fields": {"name": "Karaage Chicken Smash", "description": "Crispy chicken, savory sauce, and a veggie crunch.", "dietary": 1}}, {"model": "kaiapp.recipeingredient", "pk": 1, "fields": {"recipe": 1, "ingredient": 1, "quantity_g": "220.00"}}, {"model": "kaiapp.recipeingredient", "pk": 2, "fields": {"recipe": 1, "ingredient": 2, "quantity_g": "80.00"}}, {"model": "kaiapp.recipeingredient", "pk": 3, "fields": {"recipe": 1, "ingredient": 3, "quantity_g": "60.00"}}, {"model": "kaiapp.recipeingredient", "pk": 4, "fields": {"recipe": 1, "ingredient": 4, "quantity_g": "20.00"}}, {"model": "kaiapp.recipeingredient", "pk": 5, "fields": {"recipe": 2, "ingredient": 22, "quantity_g": "230.00"}}, {"model": "kaiapp.recipeingredient", "pk": 6, "fields": {"recipe": 2, "ingredient": 12, "quantity_g": "90.00"}}, {"model": "kaiapp.recipeingredient", "pk": 7, "fields": {"recipe": 2, "ingredient": 8, "quantity_g": "60.00"}}, {"model": "kaiapp.recipeingredient", "pk": 8, "fields": {"recipe": 2, "ingredient": 4, "quantity_g": "15.00"}}, {"model": "kaiapp.recipeingredient", "pk": 9, "fields": {"recipe": 3, "ingredient": 1, "quantity_g": "230.00"}}, {"model": "kaiapp.recipeingredient", "pk": 10, "fields": {"recipe": 3, "ingredient": 2, "quantity_g": "75.00"}}, {"model": "kaiapp.recipeingredient", "pk": 11, "fields": {"recipe": 3, "ingredient": 3, "quantity_g": "80.00"}}, {"model": "kaiapp.recipeingredient", "pk": 12, "fields": {"recipe": 3, "ingredient": 4, "quantity_g": "20.00"}}, {"model": "kaiapp.recipeingredient", "pk": 13, "fields": {"recipe": 3, "ingredient": 5, "quantity_g": "50.00"}}, {"model": "kaiapp.recipeingredient", "pk": 14, "fields": {"recipe": 2, "ingredient": 9, "quantity_g": "5.00"}}, {"model": "kaiapp.recipeingredient", "pk": 15, "fields": {"recipe": 2, "ingredient": 14, "quantity_g": "50.00"}}, {"model": "kaiapp.recipeingredient", "pk": 16, "fields": {"recipe": 1, "ingredient": 6, "quantity_g": "50.00"}}, {"model": "kaiapp.recipeingredient", "pk": 17, "fields": {"recipe": 4, "ingredient": 22, "quantity_g": "150.00"}}, {"model": "kaiapp.recipeingredient", "pk": 18, "fields": {"recipe": 4, "ingredient": 14, "quantity_g": "100.00"}}, {"model": "kaiapp.recipeingredient", "pk": 19, "fields": {"recipe": 4, "ingredient": 9, "quantity_g": "30.00"}}, {"model": "kaiapp.recipeingredient", "pk": 20, "fields": {"recipe": 5, "ingredient": 22, "quantity_g": "200.00"}}, {"model": "kaiapp.recipeingredient", "pk": 21, "fields": {"recipe": 5, "ingredient": 2, "quantity_g": "100.00"}}, {"model": "kaiapp.recipeingredient", "pk": 22, "fields": {"recipe": 5, "ingredient": 13, "quantity_g": "50.00"}}, {"model": "kaiapp.recipeingredient", "pk": 23, "fields": {"recipe": 6, "ingredient": 22, "quantity_g": "200.00"}}, {"model": "kaiapp.recipeingredient", "pk": 24, "fields": {"recipe": 6, "ingredient": 14, "quantity_g": "100.00"}}, {"model": "kaiapp.recipeingredient", "pk": 25, "fields": {"recipe": 6, "ingredient": 8, "quantity_g": "50.00"}}, {"model": "kaiapp.recipeingredient", "pk": 26, "fields": {"recipe": 7, "ingredient": 11, "quantity_g": "100.00"}}, {"model": "kaiapp.recipeingredient", "pk": 27, "fields": {"recipe": 7, "ingredient": 25, "quantity_g": "50.00"}}, {"model": "kaiapp.recipeingredient", "pk": 28, "fields": {"recipe": 7, "ingredient": 28, "quantity_g": "50.00"}}, {"model": "kaiapp.recipeingredient", "pk": 29, "fields": {"recipe": 7, "ingredient": 8, "quantity_g": "50.00"}}, {"model": "kaiapp.recipeingredient", "pk": 30, "fields": {"recipe": 7, "ingredient": 23, "quantity_g": "50.00"}}, {"model": "kaiapp.recipeingredient", "pk": 31, "fields": {"recipe": 8, "ingredient": 20, "quantity_g": "100.00"}}, {"model": "kaiapp.recipeingredient", "pk": 32, "fields": {"recipe": 8, "ingredient": 22, "quantity_g": "150.00"}}, {"model": "kaiapp.recipeingredient", "pk": 33, "fields": {"recipe": 8, "ingredient": 3, "quantity_g": "50.00"}}, {"model": "kaiapp.recipeingredient", "pk": 34, "fields": {"recipe": 8, "ingredient": 9, "quantity_g": "10.00"}}, {"model": "kaiapp.recipeingredient", "pk": 35, "fields": {"recipe": 9, "ingredient": 11, "quantity_g": "120.00"}}, {"model": "kaiapp.recipeingredient", "pk": 36, "fields": {"recipe": 9, "ingredient": 3, "quantity_g": "100.00"}}, {"model": "kaiapp.recipeingredient", "pk": 37, "fields": {"recipe": 9, "ingredient": 25, "quantity_g": "30.00"}}, {"model": "kaiapp.recipeingredient", "pk": 38, "fields": {"recipe": 9, "ingredient": 9, "quantity_g": "20.00"}}, {"model": "kaiapp.recipeingredient", "pk": 39, "fields": {"recipe": 10, "ingredient": 16, "quantity_g": "50.00"}}, {"model": "kaiapp.recipeingredient", "pk": 40, "fields": {"recipe": 10, "ingredient": 28, "quantity_g": "50.00"}}, {"model": "kaiapp.recipeingredient", "pk": 41, "fields": {"recipe": 10, "ingredient": 25, "quantity_g": "30.00"}}, {"model": "kaiapp.recipeingredient", "pk": 42, "fields": {"recipe": 10, "ingredient": 21, "quantity_g": "100.00"}}, {"model": "kaiapp.recipeingredient", "pk": 43, "fields": {"recipe": 11, "ingredient": 22, "quantity_g": "150.00"}}, {"model": "kaiapp.recipeingredient", "pk": 44, "fields": {"recipe": 11, "ingredient": 3, "quantity_g": "50.00"}}, {"model": "kaiapp.recipeingredient", "pk": 45, "fields": {"recipe": 11, "ingredient": 7, "quantity_g": "30.00"}}, {"model": "kaiapp.recipeingredient", "pk": 46, "fields": {"recipe": 11, "ingredient": 25, "quantity_g": "30.00"}}, {"model": "kaiapp.recipeingredient", "pk": 47, "fields": {"recipe": 12, "ingredient": 12, "quantity_g": "150.00"}}, {"model": "kaiapp.recipeingredient", "pk": 48, "fields": {"recipe": 12, "ingredient": 16, "quantity_g": "50.00"}}, {"model": "kaiapp.recipeingredient", "pk": 49, "fields": {"recipe": 12, "ingredient": 7, "quantity_g": "30.00"}}, {"model": "kaiapp.recipeingredient", "pk": 50, "fields": {"recipe": 12, "ingredient": 21, "quantity_g": "100.00"}}, {"model": "kaiapp.recipeingredient", "pk": 51, "fields": {"recipe": 13, "ingredient": 22, "quantity_g": "150.00"}}, {"model": "kaiapp.recipeingredient", "pk": 52, "fields": {"recipe": 13, "ingredient": 28, "quantity_g": "50.00"}}, {"model": "kaiapp.recipeingredient", "pk": 53, "fields": {"recipe": 13, "ingredient": 17, "quantity_g": "50.00"}}, {"model": "kaiapp.recipeingredient", "pk": 54, "fields": {"recipe": 13, "ingredient": 4, "quantity_g": "10.00"}}, {"model": "kaiapp.recipeingredient", "pk": 55, "fields": {"recipe": 14, "ingredient": 11, "quantity_g": "120.00"}}, {"model": "kaiapp.recipeingredient", "pk": 56, "fields": {"recipe": 14, "ingredient": 28, "quantity_g": "60.00"}}, {"model": "kaiapp.recipeingredient", "pk": 57, "fields": {"recipe": 14, "ingredient": 25, "quantity_g": "30.00"}}, {"model": "kaiapp.recipeingredient", "pk": 58, "fields": {"recipe": 14, "ingredient": 27, "quantity_g": "50.00"}}, {"model": "kaiapp.recipeingredient", "pk": 59, "fields": {"recipe": 15, "ingredient": 22, "quantity_g": "150.00"}}, {"model": "kaiapp.recipeingredient", "pk": 60, "fields": {"recipe": 15, "ingredient": 14, "quantity_g": "100.00"}}, {"model": "kaiapp.recipeingredient", "pk": 61, "fields": {"recipe": 15, "ingredient": 8, "quantity_g": "50.00"}}, {"model": "kaiapp.recipeingredient", "pk": 62, "fields": {"recipe": 16, "ingredient": 25, "quantity_g": "100.00"}}, {"model": "kaiapp.recipeingredient", "pk": 63, "fields": {"recipe": 16, "ingredient": 7, "quantity_g": "100.00"}}, {"model": "kaiapp.recipeingredient", "pk": 64, "fields": {"recipe": 16, "ingredient": 26, "quantity_g": "50.00"}}, {"model": "kaiapp.recipeingredient", "pk": 65, "fields": {"recipe": 16, "ingredient": 4, "quantity_g": "10.00"}}, {"model": "kaiapp.recipeingredient", "pk": 66, "fields": {"recipe": 17, "ingredient": 25, "quantity_g": "100.00"}}, {"model": "kaiapp.recipeingredient", "pk": 67, "fields": {"recipe": 17, "ingredient": 13, "quantity_g": "100.00"}}, {"model": "kaiapp.recipeingredient", "pk": 68, "fields": {"recipe": 17, "ingredient": 23, "quantity_g": "100.00"}}, {"model": "kaiapp.recipeingredient", "pk": 69, "fields": {"recipe": 18, "ingredient": 1, "quantity_g": "200.00"}}, {"model": "kaiapp.recipeingredient", "pk": 70, "fields": {"recipe": 18, "ingredient": 12, "quantity_g": "140.00"}}, {"model": "kaiapp.recipeingredient", "pk": 71, "fields": {"recipe": 18, "ingredient": 3, "quantity_g": "80.00"}}, {"model": "kaiapp.recipeingredient", "pk": 72, "fields": {"recipe": 18, "ingredient": 7, "quantity_g": "40.00"}}, {"model": "kaiapp.recipeingredient", "pk": 73, "fields": {"recipe": 18, "ingredient": 4, "quantity_g": "10.00"}}, {"model": "kaiapp.recipeingredient", "pk": 74, "fields": {"recipe": 19, "ingredient": 1, "quantity_g": "210.00"}}, {"model": "kaiapp.recipeingredient", "pk": 75, "fields": {"recipe": 19, "ingredient": 12, "quantity_g": "180.00"}}, {"model": "kaiapp.recipeingredient", "pk": 76, "fields": {"recipe": 19, "ingredient": 13, "quantity_g": "60.00"}}, {"model": "kaiapp.recipeingredient", "pk": 77, "fields": {"recipe": 19, "ingredient": 9, "quantity_g": "10.00"}}, {"model": "kaiapp.recipeingredient", "pk": 78, "fields": {"recipe": 19, "ingredient": 4, "quantity_g": "10.00"}}, {"model": "kaiapp.recipeingredient", "pk": 79, "fields": {"recipe": 20, "ingredient": 1, "quantity_g": "220.00"}}, {"model": "kaiapp.recipeingredient", "pk": 80, "fields": {"recipe": 20, "ingredient": 12, "quantity_g": "160.00"}}, {"model": "kaiapp.recipeingredient", "pk": 81, "fields": {"recipe": 20, "ingredient": 26, "quantity_g": "70.00"}}, {"model": "kaiapp.recipeingredient", "pk": 82, "fields": {"recipe": 20, "ingredient": 30, "quantity_g": "5.00"}}, {"model": "kaiapp.recipeingredient", "pk": 83, "fields": {"recipe": 20, "ingredient": 4, "quantity_g": "10.00"}}, {"model": "kaiapp.recipeingredient", "pk": 84, "fields": {"recipe": 21, "ingredient": 1, "quantity_g": "200.00"}}, {"model": "kaiapp.recipeingredient", "pk": 85, "fields": {"recipe": 21, "ingredient": 12, "quantity_g": "140.00"}}, {"model": "kaiapp.recipeingredient", "pk": 86, "fields": {"recipe": 21, "ingredient": 27, "quantity_g": "80.00"}}, {"model": "kaiapp.recipeingredient", "pk": 87, "fields": {"recipe": 21, "ingredient": 30, "quantity_g": "5.00"}}, {"model": "kaiapp.recipeingredient", "pk": 88, "fields": {"recipe": 21, "ingredient": 4, "quantity_g": "10.00"}}, {"model": "kaiapp.recipeingredient", "pk": 89, "fields": {"recipe": 22, "ingredient": 1, "quantity_g": "220.00"}}, {"model": "kaiapp.recipeingredient", "pk": 90, "fields": {"recipe": 22, "ingredient": 12, "quantity_g": "140.00"}}, {"model": "kaiapp.recipeingredient", "pk": 91, "fields": {"recipe": 22, "ingredient": 3, "quantity_g": "60.00"}}, {"model": "kaiapp.recipeingredient", "pk": 92, "fields": {"recipe": 22, "ingredient": 9, "quantity_g": "10.00"}}, {"model": "kaiapp.recipeingredient", "pk": 93, "fields": {"recipe": 22, "ingredient": 4, "quantity_g": "10.00"}}, {"model": "kaiapp.recipeingredient", "pk": 94, "fields": {"recipe": 23, "ingredient": 1, "quantity_g": "210.00"}}, {"model": "kaiapp.recipeingredient", "pk": 95, "fields": {"recipe": 23, "ingredient": 12, "quantity_g": "160.00"}}, {"model": "kaiapp.recipeingredient", "pk": 96, "fields": {"recipe": 23, "ingredient": 13, "quantity_g": "60.00"}}, {"model": "kaiapp.recipeingredient", "pk": 97, "fields": {"recipe": 23, "ingredient": 8, "quantity_g": "40.00"}}, {"model": "kaiapp.recipeingredient", "pk": 98, "fields": {"recipe": 23, "ingredient": 4, "quantity_g": "10.00"}}, {"model": "kaiapp.recipeingredient", "pk": 99, "fields": {"recipe": 24, "ingredient": 1, "quantity_g": "200.00"}}, {"model": "kaiapp.recipeingredient", "pk": 100, "fields": {"recipe": 24, "ingredient": 2, "quantity_g": "120.00"}}, {"model": "kaiapp.recipeingredient", "pk": 101, "fields": {"recipe": 24, "ingredient": 3, "quantity_g": "80.00"}}, {"model": "kaiapp.recipeingredient", "pk": 102, "fields": {"recipe": 24, "ingredient": 7, "quantity_g": "50.00"}}, {"model": "kaiapp.recipeingredient", "pk": 103, "fields": {"recipe": 24, "ingredient": 4, "quantity_g": "10.00"}}, {"model": "kaiapp.recipeingredient", "pk": 104, "fields": {"recipe": 25, "ingredient": 1, "quantity_g": "200.00"}}, {"model": "kaiapp.recipeingredient", "pk": 105, "fields": {"recipe": 25, "ingredient": 12, "quantity_g": "150.00"}}, {"model": "kaiapp.recipeingredient", "pk": 106, "fields": {"recipe": 25, "ingredient": 13, "quantity_g": "60.00"}}, {"model": "kaiapp.recipeingredient", "pk": 107, "fields": {"recipe": 25, "ingredient": 7, "quantity_g": "40.00"}}, {"model": "kaiapp.recipeingredient", "pk": 108, "fields": {"recipe": 25, "ingredient": 4, "quantity_g": "10.00"}}, {"model": "kaiapp.recipeingredient", "pk": 109, "fields": {"recipe": 26, "ingredient": 1, "quantity_g": "220.00"}}, {"model": "kaiapp.recipeingredient", "pk": 110, "fields": {"recipe": 26, "ingredient": 2, "quantity_g": "100.00"}}, {"model": "kaiapp.recipeingredient", "pk": 111, "fields": {"recipe": 26, "ingredient": 29, "quantity_g": "60.00"}}, {"model": "kaiapp.recipeingredient", "pk": 112, "fields": {"recipe": 26, "ingredient": 27, "quantity_g": "50.00"}}, {"model": "kaiapp.recipeingredient", "pk": 113, "fields": {"recipe": 26, "ingredient": 4, "quantity_g": "10.00"}}, {"model": "kaiapp.recipeingredient", "pk": 114, "fields": {"recipe": 27, "ingredient": 1, "quantity_g": "210.00"}}, {"model": "kaiapp.recipeingredient", "pk": 115, "fields": {"recipe": 27, "ingredient": 10, "quantity_g": "120.00"}}, {"model": "kaiapp.recipeingredient", "pk": 116, "fields": {"recipe": 27, "ingredient": 3, "quantity_g": "60.00"}}, {"model": "kaiapp.recipeingredient", "pk": 117, "fields": {"recipe": 27, "ingredient": 7, "quantity_g": "50.00"}}, {"model": "kaiapp.recipeingredient", "pk": 118, "fields": {"recipe": 27, "ingredient": 4, "quantity_g": "10.00"}}, {"model": "kaiapp.recipeingredient", "pk": 119, "fields": {"recipe": 28, "ingredient": 1, "quantity_g": "200.00"}}, {"model": "kaiapp.recipeingredient", "pk": 120, "fields": {"recipe": 28, "ingredient": 12, "quantity_g": "150.00"}}, {"model": "kaiapp.recipeingredient", "pk": 121, "fields": {"recipe": 28, "ingredient": 16, "quantity_g": "60.00"}}, {"model": "kaiapp.recipeingredient", "pk": 122, "fields": {"recipe": 28, "ingredient": 7, "quantity_g": "40.00"}}, {"model": "kaiapp.recipeingredient", "pk": 123, "fields": {"recipe": 28, "ingredient": 4, "quantity_g": "10.00"}}, {"model": "kaiapp.recipeingredient", "pk": 124, "fields": {"recipe": 29, "ingredient": 1, "quantity_g": "200.00"}}, {"model": "kaiapp.recipeingredient", "pk": 125, "fields": {"recipe": 29, "ingredient": 2, "quantity_g": "120.00"}}, {"model": "kaiapp.recipeingredient", "pk": 126, "fields": {"recipe": 29, "ingredient": 3, "quantity_g": "80.00"}}, {"model": "kaiapp.recipeingredient", "pk": 127, "fields": {"recipe": 29, "ingredient": 7, "quantity_g": "50.00"}}, {"model": "kaiapp.recipeingredient", "pk": 128, "fields": {"recipe": 29, "ingredient": 4, "quantity_g": "10.00"}}, {"model": "kaiapp.recipeingredient", "pk": 129, "fields": {"recipe": 30, "ingredient": 1, "quantity_g": "180.00"}}, {"model": "kaiapp.recipeingredient", "pk": 130, "fields": {"recipe": 30, "ingredient": 12, "quantity_g": "200.00"}}, {"model": "kaiapp.recipeingredient", "pk": 131, "fields": {"recipe": 30, "ingredient": 16, "quantity_g": "60.00"}}, {"model": "kaiapp.recipeingredient", "pk": 132, "fields": {"recipe": 30, "ingredient": 14, "quantity_g": "50.00"}}, {"model": "kaiapp.recipeingredient", "pk": 133, "fields": {"recipe": 30, "ingredient": 4, "quantity_g": "10.00"}}, {"model": "kaiapp.recipeingredient", "pk": 134, "fields": {"recipe": 31, "ingredient": 1, "quantity_g": "220.00"}}, {"model": "kaiapp.recipeingredient", "pk": 135, "fields": {"recipe": 31, "ingredient": 2, "quantity_g": "100.00"}}, {"model": "kaiapp.recipeingredient", "pk": 136, "fields": {"recipe": 31, "ingredient": 13, "quantity_g": "60.00"}}, {"model": "kaiapp.recipeingredient", "pk": 137, "fields": {"recipe": 31, "ingredient": 7, "quantity_g": "40.00"}}, {"model": "kaiapp.recipeingredient", "pk": 138, "fields": {"recipe": 31, "ingredient": 4, "quantity_g": "10.00"}}]
